term,query,off_topic,covid
accountants,Certified Public Accountant,,
accountants,Business,,
accountants,Salary,,
accountants,tax accountants,,
accountants,accounting,,
accountants,accountant,,
accountants,accountants near me,,
accountants,what accountants do,,
accountants,what do accountants do,,
accountants,how much accountants make,,
accountants,business accountants,,
accountants,how much do accountants make,,
accountants,the accountants,,
accountants,cpa,,
actors,Voice actor,,
actors,Male,,
actors,African Americans,,
actors,Spider-Man,,
actors,Hallmark,,
actors,Joker ,,
actors,Celebrity,,
actors,Western,,
actors,Jumanji,,
actors,movie actors,,
actors,hollywood actors,,
actors,hot actors,,
actors,actors access,,
actors,gay actors,,
actors,child actors,,
actors,disney actors,,
actors,actor,,
actors,famous actors,,
actors,black actors,,
actors,male actors,,
artists,Art,,
artists,Tattoo,,
artists,Spotify,,
artists,Musician,,
artists,Tattoo artist,,
artists,famous,,
artists,Music,,
artists,artist,,
artists,art,,
artists,famous artists,,
artists,top artists,,
artists,tattoo artists,,
artists,best artists,,
bank managers,Bank,,
bank managers,Salary,,
bank managers,Money,,
bank managers,Organization,,
bank managers,Market,,
bank managers,Corporation,,
bank managers,Asset management,1,
bank managers,Account,,
bank managers,Service,,
bank managers,Credit,,
bank managers,Loan,,
bank managers,Strategy,,
bank managers,Career,,
bank managers,Cash,,
bank managers,Goal,,
bank managers,Investment management,1,
bank managers,Finance,,
bank managers,Investment,1,
bank managers,Asset,,
bank managers,U.S. Bancorp,,
bank managers,Chase Bank,,
bank managers,Customer,,
bank managers,JPMorgan Chase & Co,,
bank managers,Interest,,
bank managers,Wealth management,1,
bank managers,Company,,
bank managers,Rate,,
bank managers,Job,,
bank managers,Product,,
bank managers,Branch manager,,
bank managers,Business,,
bank managers,Property,,
bank managers,bank of america,,
bank managers,how much do bank tellers make,,
barbers,Hairstyle,,
barbers,The Barbers,1,
barbers,Barbers Hill Independent School District,1,
barbers,barbershop,,
barbers,black barbers,,
barbers,barbers shop near me,,
barbers,haircut,,
barbers,city barbers,,
barbers,barber shop near me,,
barbers,barber shops,,
barbers,are barbers open,,
barbers,barbers point,,
barbers,barbers cut,,
barbers,best barbers near me,,
barbers,barbers hill isd,1,
barbers,barbers clippers,,
barbers,barbers hill,,
barbers,barbers open,,
barbers,barber,,
barbers,haircuts,,
barbers,barbershop near me,,
barbers,hair barbers near me,,
barbers,black barbers near me,,
barbers,hair cut,,
barbers,barbers near me open,,
barbers,barbers near me,,
barbers,the barbers,,
barbers,barbers shop,,
barbers,the barbers shop,,
barbers,state street barbers,,
barbers,big league barbers,,
barbers,barbers den,,
barbers,barbers razor,,
barbers,barbers inc,,
bartenders,Bar,,
bartenders,Drink,,
bartenders,Bar Keepers Friend,,
bartenders,Gratuity,,
bartenders,License,,
bartenders,how much bartenders make,,
bartenders,how much do bartenders make,,
bartenders,bartenders near me,,
bartenders,jameson bartenders ball,,
bartenders,us bartenders guild,,
bartenders,help for bartenders,,
bartenders,bartenders needed,,
bartenders,bar rescue bartenders,,
bartenders,jameson bartenders ball 2019,,
bartenders,bar rescue,,
bartenders,how much money do bartenders make,,
bartenders,sexy bartenders,1,
bartenders,jameson bartenders ball 2017,,
bartenders,bartenders guild,,
bartenders,national bartenders school,,
bartenders,bartenders baltimore,,
bartenders,how much does bartenders make,,
bartenders,jameson bartenders ball 2016,,
beauticians,Hairdresser,,
beauticians,Beauticians,,
beauticians,Barber,,
beauticians,Wage,,
beauticians,Beauty,,
beauticians,Cosmetics,,
beauticians,African Americans,,
beauticians,how much do beauticians make,,
beauticians,black beauticians near me,,
blackjack dealers,Playing card,,
blackjack dealers,Playing card game,,
blackjack dealers,Cheating,,
blackjack dealers,Hand,,
blackjack dealers,Las Vegas,,
blackjack dealers,Clothing,,
blackjack dealers,Crossword,1,
blackjack dealers,Wage,,
blackjack dealers,Croupier,,
blackjack dealers,Online casino,,
blackjack dealers,Gratuity,,
blackjack dealers,Poker,,
blackjack dealers,Lotto,,
blackjack dealers,Table,,
blackjack dealers,Keno,,
blackjack dealers,Slot machine,,
blackjack dealers,Casino,,
blackjack dealers,Odds,,
blackjack dealers,railway inspectors attire crossword,1,
bus drivers,Driving,,
bus drivers,Bus driver,,
bus drivers,Job,,
bus drivers,Wage,,
bus drivers,License,,
bus drivers,Driver,,
bus drivers,Device driver,1,
bus drivers,Driver's license,,
bus drivers,Salary,,
bus drivers,school bus drivers jobs,,
bus drivers,how much does bus drivers make,,
bus drivers,how do bus drivers get paid,,
bus drivers,bus driver salary,,
bus drivers,school bus drivers,,
bus drivers,bus driver jobs,,
bus drivers,how much do bus drivers get paid,,
bus drivers,school bus drivers salary,,
bus drivers,school bus,,
bus drivers,bus driver,,
bus drivers,sm bus controller,1,
bus drivers,sm bus controller driver,1,
cafeteria workers,Lunch,,
cafeteria workers,Employee benefits,,
cafeteria workers,Day,,
cafeteria workers,Workers' Day,,
cafeteria workers,Salary,,
cafeteria workers,Student,,
cafeteria workers,Cafeteria plan,,
cafeteria workers,2020,,
cafeteria workers,Week,,
cafeteria workers,Head teacher,1,
cafeteria workers,Hospital,1,
cafeteria workers,Summer,,
cafeteria workers,Job,,
cafeteria workers,Wage,,
cafeteria workers,School,,
cafeteria workers,Food,,
cafeteria workers,Worker,,
cafeteria workers,Teacher,,
cafeteria workers,International Nurses Day,1,
cafeteria workers,Foodservice,,
cafeteria workers,School meal,,
cafeteria workers,Employee,,
cafeteria workers,Unemployment,,
cafeteria workers,U.S. County,,
cafeteria workers,Janitor,,
cafeteria workers,Tax,,
cafeteria workers,national cafeteria workers day 2020,,
cashiers,Cashier's check,1,
cashiers,Cashiers,,
cashiers,Cashier,,
cashiers,North Carolina,1,
cashiers,Wage,,
cashiers,Cash,,
cashiers,Highlands,1,
cashiers,Chase Bank,1,
cashiers,Bank of America,1,
cashiers,Fraud,1,
cashiers,Office,,
cashiers,cashiers nc,1,
cashiers,cashiers north carolina,1,
cashiers,how much do cashiers make,,
cashiers,cashiers weather,1,
cashiers,cashiers check near me,1,
cashiers,what do cashiers do,,
cashiers,how to get cashiers check,1,
cashiers,highlands nc,1,
cashiers,cashiers jobs,,
cashiers,cashiers nc weather,1,
cashiers,what is a cashiers check,1,
cashiers,chase cashiers check,1,
cashiers,how to get a cashiers check,1,
cashiers,wells fargo cashiers check,1,
cashiers,cashier,,
cashiers,cashiers check walmart,1,
cashiers,certified check,1,
cashiers,certified cashiers check,1,
cashiers,credit union,1,
cashiers,cashiers near me,,
cashiers,walmart cashiers,,
cashiers,what is cashiers check,1,
cashiers,bank,1,
casino workers,Hotel,,
casino workers,Health care,,
casino workers,Workers' compensation,,relief
casino workers,Key worker,,essential
casino workers,Unemployment,,relief
casino workers,Wage,,
casino workers,Worker,,
casino workers,Resort,,
casino workers,Nevada,,
casino workers,Trade union,,
casino workers,Lawyer,,
casino workers,Las Vegas,,
casino workers,Salary,,
casino workers,Average,,
casino workers,Floor,,
casino workers,what casino workers are always dealing with,1,
casino workers,casino workers test positive,,exposure
casino workers,how much do philadelphia parking authority workers make,1,
childcare workers,Wage,,
childcare workers,Tennessee,,
childcare workers,Training,,
childcare workers,Salary,,
childcare workers,employer,,
childcare workers,Google Slides,1,
childcare workers,Education,,
childcare workers,Family,,
childcare workers,Teacher,,
childcare workers,Policy,,
childcare workers,Worker,,
childcare workers,Career,,
childcare workers,Skill,,
childcare workers,Childcare Worker,,
childcare workers,Bachelor's degree,,
childcare workers,Fire safety,,
childcare workers,License,,
childcare workers,Early childhood education,,
childcare workers,Workers' compensation,,
childcare workers,Immunization,,
childcare workers,Course,,
childcare workers,childcare for essential workers,,
childcare workers,ymca essential workers childcare,,
childcare workers,ymca childcare for essential workers,,
cinematographers,Female,,
cinematographers,Film director,,
cinematographers,International Cinematographers,,
cinematographers,famous,,
cinematographers,African Americans,,
cinematographers,International Cinematographers Guild,,
cinematographers,American Society of Cinematographers,,
cinematographers,Camera,,
cinematographers,Crossword,1,
cinematographers,Academy Award for Best Cinematography,,
cinematographers,Award,,
cinematographers,Trade union,,
cinematographers,Academy Awards,,
cinematographers,Wedding,,
cinematographers,Photography,,
cinematographers,cinematographer,,
cinematographers,cinematography,,
cinematographers,american society of cinematographers,,
cinematographers,cinematographers guild,,
cinematographers,famous cinematographers,,
cinematographers,wedding cinematographers,,
cinematographers,top cinematographers,,
cooks,Cooks,,
cooks,Cook Children's Medical Center,1,
cooks,Cook Forest State Park Office,1,
cooks,Kitchen,,
cooks,Air fryer,,
cooks,Deep fryer,,
cooks,Brandin Cooks,1,
cooks,Cook's Essentials,,
cooks,Too Many Cooks,,
cooks,New England Patriots,1,
cooks,Cooks v Cons,,
cooks,cooks country,,
cooks,worst cooks in america,1,
cooks,brandin cooks,1,
cooks,cooks illustrated,1,
cooks,worst cooks in america celebrity,1,
cooks,collard valley cooks,,
cooks,cooks house,,
cooks,cooks auto,1,
cooks,cooks childrens,1,
cooks,worst cooks,1,
cooks,cooks restaurant,,
cooks,cooks hospital,1,
cooks,darius cooks,1,
cooks,celebrity worst cooks,1,
cooks,cooks urgent care,1,
cooks,cooks corner,,
cooks,cooks collision,,
cooks,cooks rams,1,
cooks,cooks air fryer,,
cooks,worst cooks celebrity,1,
cooks,pressure cooker,,
cooks,cooks children,1,
cooks,pioneer woman,,
cooks,pioneer woman cooks,,
daycare workers,Wage,,
daycare workers,Teacher,,
daycare workers,Health care,,
daycare workers,Mask,,mask
daycare workers,Salary,,
daycare workers,Gift,,
daycare workers,Social,,
daycare workers,Babysitting,,
daycare workers,Learning,,
daycare workers,Experience,,
daycare workers,Minimum wage,,
daycare workers,Gratuity,,
daycare workers,Workers' compensation,,
daycare workers,essential workers daycare,1,
daycare workers,daycare for essential workers,1,
daycare workers,childcare for essential workers,1,
daycare workers,how much do daycare workers make an hour,,
designers,Graphics,,
designers,Graphic design,,
designers,Graphic designer,,
designers,Web design,,
designers,Dress,,
designers,Clothing,,
designers,designer,,
designers,fashion designers,,
designers,graphic designers,,
designers,design,,
designers,best designers,,
designers,fashion,,
diesel mechanics,Job,,
diesel mechanics,Truck,,
diesel mechanics,Auto mechanic,,
diesel mechanics,Engine,,
diesel mechanics,College,,
diesel mechanics,Diesel engine,,
diesel mechanics,Mechanics,,
diesel mechanics,Mechanic,,
diesel mechanics,Technician,,
diesel mechanics,Wage,,
diesel mechanics,Salary,,
diesel mechanics,diesel mechanic,,
diesel mechanics,mobile diesel mechanics near me,,
diesel mechanics,diesel service technicians and mechanics,,
diesel mechanics,how much do welders make,1,
diesel mechanics,diesel mechanics training,,
diesel mechanics,uti,,
diesel mechanics,mechanics near me,,
diesel mechanics,diesel mechanics near me,,
diesel mechanics,how much do diesel mechanics make a year,,
diesel mechanics,mechanic,,
diesel mechanics,diesel mechanics colleges,,
diesel mechanics,diesel mechanic schools,,
diesel mechanics,diesel mechanic school near me,,
diesel mechanics,diesel mechanic training,,
diesel mechanics,automotive mechanic school,,
diesel mechanics,automotive college,,
diesel mechanics,automotive technician,,
diesel mechanics,how much does a diesel mechanic make a year,,
diesel mechanics,diesel shops near me,,
dieticians,Nutrition,,
dieticians,Health,,
dieticians,Eating,,
dieticians,Diet,,
dieticians,Physician,,
dieticians,Academy,,
dieticians,Veganism,,
dieticians,Average,,
dieticians,dietician,,
dieticians,how much do dieticians make,,
dieticians,dietitian,,
dieticians,nutritionist vs dietician,,
dieticians,hyvee dieticians,,
dieticians,nutritionist,,
dieticians,real food dieticians,,
dieticians,how much do registered dieticians make,,
elementary school teachers,School,,
elementary school teachers,Education,,
elementary school teachers,Student,,
elementary school teachers,School district,,
elementary school teachers,Salary,,
elementary school teachers,primary school teacher,,
elementary school teachers,Teacher,,
elementary school teachers,Secondary school,,
elementary school teachers,elementary school near me,,
elementary school teachers,mathematics for elementary school teachers,,
elementary school teachers,teacher pay teachers,,
elementary school teachers,central elementary school,,
elementary school teachers,lincoln elementary school,,
event planners,Planning,,
event planners,Event,,
event planners,Job,,
event planners,Wedding Planner,,
event planners,Party,,
event planners,Corporation,,
event planners,Meeting,,
event planners,Business,,
event planners,Company,,
event planners,wedding planners,,
event planners,event planning,,
event planners,event planners near me,,
event planners,event planners los angeles,,
event planners,party planners near me,,
event planners,how much do event planners charge,,
event planners,wedding event planners,,
event planners,party event planners,,
event planners,party planners,,
event planners,wedding event planners near me,,
event planners,corporate event planner,,
event planners,famous event planners,,
event planners,event planner salary,,
event planners,wedding planners near me,,
event planners,how to become an event planner,,
event planners,event planners dallas,,
event planners,party event planners near me,,
event planners,event planner,,
event planners,las vegas event planners,,
event planners,event planners orlando,,
event planners,celebrity event planners,,
exercise instructor,Teacher,1,
exercise instructor,Training,,
exercise instructor,Personal trainer,,
exercise instructor,Health,,
exercise instructor,Exercise physiology,,
exercise instructor,Yoga instructor,,
exercise instructor,Coach,,
exercise instructor,Medicine,1,
exercise instructor,Yoga,,
exercise instructor,Gym,,
exercise instructor,Student,,
exercise instructor,Salary,,
exercise instructor,Pilates,,
exercise instructor,Course,,
exercise instructor,Insurance,,
exercise instructor,Aerobic exercise,,
exercise instructor,Dance,,
exercise instructor,certification for group fitness instructor,,
farmers,Farmers' market,,
farmers,Marketplace,,
farmers,Sprouts Farmers Market,1,
farmers,Farmers Branch,1,
farmers,Farmers Home Furniture,1,
farmers,Market,,
farmers,Founding Farmers,,
farmers,farmers furniture,1,
farmers,sprouts,,
farmers,farmers branch,1,
farmers,sprouts farmers market,,
farmers,farmers open,,
farmers,farmers and merchants,1,
farmers,farmers markets,,
farmers,2020 farmers almanac,1,
farmers,farmers state bank,1,
farmers,farmers market near me,,
farmers,farmers only,1,
farmers,farmers almanac 2019,1,
farmers,the farmers market,,
fast food workers,Fast-food restaurant,,
fast food workers,Fast food,,
fast food workers,Job,,
fast food workers,Key worker,,essential
fast food workers,McDonald's,,
fast food workers,Mask,,mask
fast food workers,Fast Food Nation: The Dark Side of the All-American Meal,1,
fast food workers,Minimum wage,,
fast food workers,Author,1,
fast food workers,Hour,,
fast food workers,Taco Bell,,
fast food workers,Worker,,
fast food workers,Company,,
fast food workers,Restaurant,,
fast food workers,Average,,
fast food workers,Gratuity,,
fast food workers,Salary,,
fast food workers,essential workers,,
fast food workers,the author of fast food nation claims that the fast-food industry prefers to employ underskilled workers. the author best offers support by providing,1,
fast food workers,fast food workers union,,
fast food workers,how much do fast food workers make,,
fast food workers,which excerpt from fast food nation best states the author’s overall claim?,1,
fast food workers,which excerpt from fast food nation best illustrates the use of the rhetorical appeal pathos?,1,
fast food workers,how much do fast food workers make a year,,
fast food workers,minimum wage for fast food workers,,
firefighters,Credit union,1,
firefighters,September 11 attacks,,
firefighters,firefighter,,
firefighters,firefighters credit union,1,
firefighters,how much do firefighters make,,
firefighters,firefighters union,,
firefighters,firefighter salary,,
firefighters,911 firefighters,,
firefighters,fallen firefighters,,
firefighters,firefighters park,,
forklift drivers,Driving,,
forklift drivers,Driver's license,,
forklift drivers,Recruitment,,
forklift drivers,Device driver,,
forklift drivers,Certification,,
forklift drivers,Warehouse,,
forklift drivers,Truck,,
forklift drivers,Forklift operator,,
forklift drivers,Training,,
forklift drivers,The Occupational Safety and Health Administration,,
forklift drivers,Salary,,
forklift drivers,Company,,
forklift drivers,Costco Wholesale,,
forklift drivers,how much do forklift drivers make,,
gift wrappers,Candy,1,
gift wrappers,Cupcake,1,
gift wrappers,Cocktail bar,1,
gift wrappers,Bag,,
gift wrappers,Idea,1,
gift wrappers,Box,,
gift wrappers,gift wrappers near me,,
grocery store workers,Key worker,,essential
grocery store workers,Wage,,
grocery store workers,Mask,,mask
grocery store workers,Product,1,
grocery store workers,Management,1,
grocery store workers,Person,1,
grocery store workers,Price,1,
grocery store workers,Government,1,
grocery store workers,Trade union,,
grocery store workers,Economy,1,
grocery store workers,Health,,
grocery store workers,Cost,,
grocery store workers,Food,,
grocery store workers,Workers' compensation,,relief
grocery store workers,Business,,
grocery store workers,essential workers,,essential
grocery store workers,grocery store workers strike,,
grocery store workers,how much do grocery store workers make,,
grocery store workers,thank you coronavirus helpers,,gratitude
hairdressers,Gratuity,,
hairdressers,hairdressers open,,
hairdressers,the hairdressers,1,
hairdressers,hair salons near me,,
hairdressers,best hairdressers near me,,
hairdressers,do you tip hairdressers,,
hairdressers,when will hairdressers open,,
hairdressers,hairdresser near me,,
hairdressers,hairdressers insurance,1,
hairdressers,gifts for hairdressers,,
hairdressers,when will hairdressers reopen,,reopen
hairdressers,can hairdressers go back to work,,reopen
hairdressers,hairdressers and covid 19,,general
hairdressers,insurance for hairdressers,1,
hairdressers,how to tip hairdressers,,
hairdressers,how much do you tip hairdressers,,
hairdressers,haircut,,
hairdressers,mobile hairdressers,,
hairdressers,black hairdressers near me,,
hairdressers,how much to tip hairdressers,,
hairdressers,salons near me,,
hairdressers,kentucky board of hairdressers,,
hairdressers,shoes for hairdressers,,
hairdressers,ky board of hairdressers,,
hairdressers,tipping hairdressers,,
hairdressers,what are hairdressers doing on ice,1,
hairdressers,hairstyles,,
hairdressers,what are those hairdressers doing on ice,1,
hairdressers,uk hairdressers,,
hairdressers,famous hairdressers,,
hairdressers,hairdresser,,
hairdressers,hairdressers melbourne,,
hairdressers,jamison shaw hairdressers,,
hairdressers,great clips,,
hairdressers,ky state board of hairdressers,,
hairdressers,good hairdressers near me,,
hairdressers,supercuts,,
healthcare managers,Management,,
healthcare managers,Finance,,
healthcare managers,Patient,,
healthcare managers,Hospital,,
healthcare managers,Business,,
healthcare managers,Business administration,,
healthcare managers,Leadership,,
healthcare managers,Bachelor's degree,,
healthcare managers,Human Resources,,
healthcare managers,Professional,,
healthcare managers,Information,,
healthcare managers,Role,,
healthcare managers,Strategy,,
healthcare managers,Cost,,
healthcare managers,Company,,
healthcare managers,Career,,
healthcare managers,Need,,
healthcare managers,Physician,,
healthcare managers,Registered nurse,,
healthcare managers,Nurse,,
healthcare managers,System,,
healthcare managers,Health care,,
healthcare managers,Project,1,
healthcare managers,Project manager,1,
healthcare managers,Organization,,
healthcare managers,Salary,,
healthcare managers,Insurance,,
healthcare managers,Training,,
healthcare managers,Resource,,
healthcare managers,Medical case management,,
healthcare managers,Ethics,,
healthcare managers,healthcare administration jobs,,
healthcare managers,social and community service managers,,
home health aides,Home care,,
home health aides,Home,,
home health aides,Home Health Aides,,
home health aides,New York,,
home health aides,Wage,,
home health aides,Medicare,,
home health aides,Salary,,
home health aides,Certification,,
home health aides,Job,,
home health aides,Training,,
home health aides,New Jersey,,
home health aides,does medicare pay for home health aides,,
home health aides,home health aide jobs,,
home health aides,home health care,,
home health aides,home health aide,,
home health aides,home health aides jobs,,
home health aides,how much do home health aides get paid,,
house cleaners,House,,
house cleaners,Housekeeping,,
house cleaners,Maid service,,
house cleaners,Dry cleaning,,
house cleaners,Service,,
house cleaners,Gratuity,,
house cleaners,cleaner,,
house cleaners,house cleaning,,
house cleaners,professional cleaners,,
house cleaners,white house cleaners,,
house cleaners,do you tip house cleaners,,
house cleaners,vacuum cleaners,1,
house cleaners,are house cleaners essential,,essential
house cleaners,air cleaners,1,
house cleaners,dry cleaners near me,1,
house cleaners,house cleaners during covid,,general
house cleaners,how much do house cleaners make,,
house cleaners,best house cleaners near me,,
house cleaners,cleaners near me,,
house cleaners,cleaning services near me,,
house cleaners,house cleaning services near me,,
house cleaners,natural house cleaners,1,
house cleaners,how much do house cleaners charge,,
house cleaners,local house cleaners,,
house cleaners,house cleaners near me,,
house cleaners,maid service,,
house cleaners,house cleaners prices,,
janitors,Job,,
janitors,Cleaning,,
janitors,Wage,,
janitors,Janitors,,
janitors,Closet,1,
janitors,Chicago,,
janitors,Book,1,
janitors,how much do janitors make,,
janitors,justice for janitors,,
janitors,how much do teachers make,1,
janitors,how much money do janitors make,,
janitors,janitors closet chicago,1,
janitors,how much do janitors make an hour,,
janitors,space janitors,1,
janitors,how much do janitors get paid,,
janitors,janitorial supplies,,
janitors,janitors cart,,
janitors,janitors local supply,,
janitors,janitors closet,,
janitors,janitors warehouse,,
janitors,how much do janitors make a year,,
janitors,the janitors band,1,
janitors,how much do school janitors make,,
jewelry maker,Costume jewelry,,
jewelry maker,Ring,,
jewelry maker,Gold,,
jewelry maker,Necklace,,
jewelry maker,Bracelet,,
jewelry maker,Silver,,
jewelry maker,Designer,,
jewelry maker,Design,,
jewelry maker,Cricut,,
jewelry maker,Logo,,
jewelry maker,Coffee,1,
jewelry maker,Coffeemaker,1,
jewelry maker,custom jewelry maker,1,
jewelry maker,logo maker,,
jewelry maker,jewelry maker kit,1,
jewelry maker,cricut maker,,
jewelry maker,a jewelry maker is designing a crown,1,
jewelry maker,coffee maker,,
jewelry maker,lalaloopsy jewelry maker,1,
jewelry maker,ring maker,,
jewelry maker,pandora jewelry,,
jewelry maker,how to become a jewelry maker,,
landlords,Apartment,,
landlords,Eviction,,
landlords,Landlord–tenant law,,
landlords,Report,,
landlords,Security,,
landlords,Management,,
landlords,Deposit,,
landlords,bad,,
landlords,rent,,
landlords,for rent near me,,
landlords,craigslist private landlords,,
landlords,homes for rent,,
landlords,landlords during coronavirus,,general
landlords,help for landlords,,relief
landlords,landlords and tenants,,
landlords,credit check for landlords,,
landlords,bad landlords,,
landlords,homes for rent private landlords,,
landlords,houses for rent by private landlords,,
landlords,private landlords rentals,,
landlords,house for rent,,
landlords,private rentals,,
landlords,landlord,,
landlords,landlords insurance,1,
landlords,landlords association,,
landlords,property management,,
landlords,insurance for landlords,1,
landlords,section 8 housing,,
landlords,private,,
landlords,private landlords near me,,
landlords,landlords property management,,
landlords,private landlords baltimore,,
landlords,background check,,
landlords,private landlords in md,,
lawyers,Divorce,,
lawyers,Personal injury lawyer,,
lawyers,Law,,
lawyers,Divorce lawyer,,
lawyers,Traffic collision,,
lawyers,Criminal defense lawyer,,
lawyers,Family court,,
lawyers,Harassment,,
lawyers,Tenant,,
lawyers,Landlord,,
lawyers,divorce lawyers,,
lawyers,lawyer,,
lawyers,divorce,,
lawyers,attorney,,
lawyers,lawyers near me,,
lawyers,law,,
legislators,Legislature,,
legislators,State,,
legislators,United States Congress,,
legislators,Republican Party,,
legislators,Governor,,
legislators,Constitution,,
legislators,Bill,,
legislators,Politics,,
legislators,Court,,
legislators,United States Senate,,
legislators,United States House of Representatives,,
legislators,Power,,
legislators,President,,
legislators,Law,,
legislators,Election contest,,
legislators,Policy,,
legislators,U.S. County,,
legislators,Government,,
legislators,Voting,,
legislators,legislation,,
legislators,house of representatives,,
legislators,contact legislators,,
legislators,pa legislators,,
legislators,legislatures,,
legislators,who are my legislators,,
legislators,georgia legislators,,
legislators,pennsylvania legislators,,
legislators,florida legislators,,
legislators,legislators meaning,,
legislators,how many legislators are there,,
legislators,what do state legislators do,,
legislators,california legislators,,
legislators,indiana legislators,,
legislators,ohio legislators,,
legislators,oregon legislators,,
legislators,legislative branch,,
legislators,oklahoma legislators,,
legislators,arizona legislators,,
legislators,black legislators,,
legislators,local legislators,,
legislators,iowa legislators,,
legislators,texas state legislators,,
legislators,california state legislators,,
legislators,washington state legislators,,
legislators,nj legislators,,
legislators,suspension of legislators,,
librarian,The Librarian,1,
librarian,Salary,,
librarian,The Librarian: Quest for the Spear,1,
librarian,library,,
librarian,librarian movie,1,
librarian,teacher librarian,,
librarian,how to become a librarian,,
librarian,minecraft librarian villager,1,
librarian,minecraft villager,1,
librarian,librarian day,,
librarian,sexy librarian,1,
librarian,librarian cast,1,
librarian,monsters inc,1,
librarian,librarian monsters inc,1,
librarian,jobs,,
librarian,librarian jobs,,
librarian,elementary librarian,,
librarian,the librarian movies,1,
librarian,how to become librarian,,
librarian,school librarian jobs,,
librarian,it librarian,,
librarian,series of unfortunate events librarian,1,
librarian,monsters inc librarian,1,
librarian,series of unfortunate events,1,
librarian,law librarian,,
librarian,the librarians,1,
librarian,library science,,
librarian,librarian movies,1,
librarian,reference librarian,,
librarian,librarian job description,,
librarian,librarian of congress,,
librarian,what is a librarian,,
librarian,the librarian movie,1,
librarians,The Librarians,1,
librarians,Television show,1,
librarians,The Librarian: Quest for the Spear,1,
librarians,School library,,
librarians,Packhorse,1,
librarians,Librarian,,
librarians,Teacher,,
librarians,Episode,1,
librarians,Library,,
librarians,the librarian,1,
librarians,what do librarians do,,
librarians,how much do librarians make,,
librarians,librarians movie,1,
librarians,the librarians cast,1,
librarians,librarians season 5,1,
librarians,the librarians season 5,1,
librarians,librarians show,1,
librarians,the librarians tv,1,
librarians,the librarians season 4,1,
librarians,librarian,,
librarians,library,,
librarians,the librarians season 3,1,
librarians,librarians tv,1,
library assistant,Library technician,,
library assistant,Job,,
library assistant,Librarian,,
library assistant,College,,
library assistant,Public library,,
library assistant,Personal assistant,1,
library assistant,University,,
library assistant,Job description,,
library assistant,Google Assistant,1,
library assistant,Teacher,1,
library assistant,Part-time job,,
library assistant,Administrative assistant,1,
library assistant,Student,,
library assistant,Résumé,,
library assistant,Question,,
library assistant,Interview,,
library assistant,Letter,,
library assistant,Cover letter,,
library assistant,library jobs,,
library assistant,library assistant job description,,
library assistant,administrative assistant,1,
library assistant,librarian assistant jobs,,
library assistant,medical assistant,1,
library assistant,library technical assistant,,
library assistant,library assistant interview questions,,
library assistant,physician assistant,1,
library assistant,library technician,,
library assistant,librarian jobs,,
library assistant,library assistant duties,,
library assistant,library jobs near me,,
library assistant,jobs near me,,
library assistant,become a library assistant,,
library assistant,library assistant jobs near me,,
library assistant,migration assistant,1,
library assistant,librarian salary,,
library assistant,library near me,,
licensed practical nurse,License,,
licensed practical nurse,Registered nurse,,
licensed practical nurse,College,,
licensed practical nurse,Client,,
licensed practical nurse,Medicine,,
licensed practical nurse,Health,,
licensed practical nurse,Education,,
licensed practical nurse,Vocational school,,
licensed practical nurse,Medical assistant,,
licensed practical nurse,Wage,,
licensed practical nurse,Bachelor's degree,,
licensed practical nurse,Nurse practitioner,,
licensed practical nurse,Certification,,
licensed practical nurse,Unlicensed assistive personnel,,
licensed practical nurse,practical nurse salary,,
licensed practical nurse,licensed practical nurse salary,,
licensed practical nurse,practical nursing,,
licensed practical nurse,licensed practical nurse jobs,,
licensed practical nurse,registered nurse,,
licensed practical nurse,what is a licensed practical nurse,,
licensed practical nurse,licensed practical nurse duties,,
licensed practical nurse,nurse salary,,
licensed practical nurse,what is a practical nurse,,
licensed practical nurse,licensed practical nurse programs,,
licensed practical nurse,licensed practical nurse school,,
licensed practical nurse,medical assistant salary,,
licensed practical nurse,physician assistant,,
licensed practical nurse,lpn,,
licensed practical nurse,cna salary,,
licensed practical nurse,licensed practical nurse jobs near me,,
licensed practical nurse,nurse practitioner salary,,
licensed practical nurse,licensed practical nurse education requirements,,
licensed practical nurse,certified nursing assistant,,
licensed practical nurse,licensed practical nurse definition,,
licensed practical nurse,what does a licensed practical nurse do,,
locomotive engineers,Brotherhood Of Locomotive Engineers and Trainmen,,
locomotive engineers,Train driver,,
locomotive engineers,Trade union,,
locomotive engineers,Amtrak Police,1,
locomotive engineers,Train Conductor,,
locomotive engineers,Engineer,,
locomotive engineers,Salary,,
mail carriers,Mail carrier,,
mail carriers,Rural area,,
mail carriers,Email,1,
mail carriers,Rural letter carrier,,
mail carriers,Gift,,
mail carriers,Wage,,
mail carriers,Delivery,,
mail carriers,Yahoo! Mail,1,
mail carriers,usps,,
mail carriers,usps jobs,,
mail carriers,daily mail,,
mail carriers,can mail carriers accept gifts,,
mail carriers,what time do mail carriers start delivering,,
mail carriers,mail carriers food drive,,
mail carriers,aol mail,1,
mail carriers,are mail carriers federal employees,,
mail carriers,what time do mail carriers stop delivering,,
mail carriers,which helps enable an oligopoly to form within a market? costs of starting a competing business are too high. the government restricts market entry. the number of options in a market confuses consumers. no competition exists between producers.,1,
mail carriers,usps careers,,
mail carriers,are mail carriers getting paid during shutdown,,
mail carriers,mail carriers creed,,
mail carriers,mail carrier,,
mail carriers,gmail login mail,1,
mail carriers,how much do mail carriers get paid,,
mail carriers,yahoo mail,1,
mail carriers,how much do mail carriers make,,
mail carriers,r&l carriers,,
mail sorters,Wall,1,
mail sorters,Donald Trump,1,
mail sorters,Sorting,,
mail sorters,Letter box,,
mail sorters,Office,,
mail sorters,Cabinetry,1,
mail sorters,Mail sorting,,
mail sorters,Wood,1,
mail sorters,United States Postal Service,,
mail sorters,Box,,
mail sorters,Shelf,1,
mail sorters,Job,,
managers,Job,,
managers,Business,,
managers,Company,,
managers,Property,1,
managers,Property management,1,
managers,Organization,,
managers,Salary,,
managers,Project,,
managers,what do managers do,,
managers,how much do managers make,,
managers,property managers,1,
managers,business,,
managers,management,,
managers,types of managers,,
managers,interview questions for managers,,
managers,construction managers,,
managers,password managers,1,
managers,project manager,,
managers,managers meeting,,
managers,managing managers,,
managers,project management,1,
managers,business managers,,
managers,hedge fund managers,1,
managers,mlb managers,1,
managers,hr managers,,
managers,interview questions,,
managers,baseball managers,1,
managers,walmart managers,,
managers,hedge fund,1,
managers,account managers,,
managers,restaurant managers,,
managers,property management,1,
medical assistant,Physician,,
medical assistant,College,,
medical assistant,Administrative assistant,1,
medical assistant,Physician associates,,
medical assistant,Wage,,
medical assistant,medical jobs,,
medical assistant,medical assistant jobs,,
medical assistant,medical assistant salary,,
medical assistant,jobs,,
medical technician,Job,,
medical technician,Salary,,
medical technician,Laboratory,,
medical technician,Medical laboratory scientist,,
medical technician,Medicine,,
medical technician,Ultrasonography,,
medical technician,Emergency,,
medical technician,Technology,,
medical technician,Bachelor's degree,,
medical technician,Career,,
medical technician,Training,,
medical technician,Health care,,
medical technician,Course,,
medical technician,Health,,
medical technician,Ultrasound,,
medical technician,Emergency medical services,,
medical technician,Radiology,,
medical technician,medical technician jobs,,
medical technician,technician jobs,,
medical technician,medical jobs,,
medical technician,medical assistant technician,,
medical technician,medical assistant,,
medical technician,jobs,,
movie theater manager,Theater,,
movie theater manager,General Manager,,
movie theater manager,Regal Cinemas,,
movie theater manager,Business,,
movie theater manager,Résumé,,
movie theater manager,Table,1,
movie theater manager,Movie theater,,
movie theater manager,AMC Theatres,,
movie theater manager,Drake & Josh,1,
movie theater manager,Management,,
movie theater manager,Duty,,
movie theater manager,Marketing,,
movie theater manager,The Night Manager,1,
movie theater manager,Job description,,
movie theater manager,Theater manager,1,
movie theater manager,Recruitment,,
movie theater manager,Telephone,,
movie theater manager,drive in movie theater,,
movie theater manager,movie theater near me,,
movie theater manager,drake and josh movie theater manager,1,
museum curator,Museum,,
museum curator,History,,
museum curator,Bachelor's degree,,
museum curator,Curator,,
museum curator,The Metropolitan Museum of Art,,
museum curator,museum jobs,,
museum curator,curator jobs,,
museum curator,museum curator jobs,,
museum curator,museum curator salary,,
museum curator,museum curator job description,,
museum curator,archivist,,
museum curator,how much does a museum curator make,,
museum curator,curator salary,,
museum curator,web content developer,1,
museum curator,major for a future museum curator crossword clue,1,
museum curator,how to become a museum curator,,
museum curator,what does a museum curator do,,
museum curator,museum curator definition,,
museum curator,curator definition,,
museum curator,whitney museum,,
museum curator,metropolitan museum of art,,
musicians,Jazz,,
musicians,Artist,,
musicians,Guitar,,
musicians,guitar center,,
musicians,craigslist musicians,1,
musicians,rock musicians,,
musicians,popular musicians,,
musicians,musicians who died,,
musicians,sweetwater,,
musicians,female musicians,,
musicians,country musicians,,
musicians,blues musicians,,
musicians,classical musicians,,
musicians,musicians list,,
musicians,the musicians,1,
musicians,famous jazz musicians,,
musicians,black musicians,,
musicians,top musicians,,
musicians,american musicians,,
musicians,musician,,
paramedics,Salary,,
paramedics,Firefighter,1,
paramedics,how much do paramedics make,,
paramedics,emt,,
paramedics,what do paramedics do,,
paramedics,paramedics training,,
paramedics,minneapolis,,
paramedics,paramedics vs emt,,
paramedics,paramedics salary,,
paramedics,how much do emts make,,
paramedics,savage paramedics,,
paramedics,paramedics definition,,
paramedics,ada county paramedics,,
paramedics,denver paramedics,,
paramedics,how to become a paramedic,,
paramedics,how much do paramedics make a year,,
paramedics,911,,
paramedics,what is a paramedic,,
paramedics,paramedics lyrics,1,
paramedics,how much do paramedics make an hour,,
paramedics,paramedics tv show,1,
paramedics,emts and paramedics,,
paramedics,paramedics near me,,
paramedics,how much do paramedics get paid,,
paramedics,gabriel iglesias paramedics,1,
paramedics,canyon county paramedics,,
paramedics,difference between emt and paramedics,,
paramedics,how much do paramedics make in california,,
paramedics,firefighter salary,1,
parking lot attendant,Parking lot,,
parking lot attendant,H-E-B,,
parking lot attendant,Duty,,
parking lot attendant,Salary,,
parking lot attendant,Space,,
parking lot attendant,Cost,,
parking lot attendant,Stadium,,
parking lot attendant,Wage,,
parking lot attendant,Cash,,
parking lot attendant,Security,,
parking lot attendant,Purchasing,,
parking lot attendant,expected,,
parking lot attendant,Zoo,,
parking lot attendant,Airport,,
parking lot attendant,Cash flow,,
parking lot attendant,parking lot attendant jobs,,
pharmacists,Pharmacy,,
pharmacists,Job,,
pharmacists,Salary,,
pharmacists,Physician,,
pharmacists,Letter,,
pharmacists,Medicine,,
pharmacists,Pharmaceutical drug,,
pharmacists,Doctor of Osteopathic Medicine,,
pharmacists,how much pharmacists make,,
pharmacists,how much do pharmacists make,,
pharmacists,what do pharmacists do,,
pharmacists,how to become a pharmacist,,
pharmacists,pharmacists mutual,1,
pharmacists,how much do pharmacists make a year,,
pharmacists,pharmacists day,,
pharmacists,pharmacy technician,,
pharmacists,types of pharmacists,,
pharmacists,pharmacy,,
pharmacists,pharmacist school,,
pharmacists,what is a pharmacist,,
pharmacists,pharmacists schools,,
pharmacists,can pharmacists prescribe,,
pharmacists,walmart pharmacists,,
pharmacists,apha,,
pharmacists,are pharmacists doctors,,
pharmacists,ted leo and the pharmacists,1,
pharmacists,pharmaceutical,,
pharmacy aide,Rite Aid,1,
pharmacy aide,Home,,
pharmacy aide,Walgreens,,
pharmacy aide,Medicine,,
pharmacy aide,Pharmaceutical drug,,
pharmacy aide,Physical therapy,1,
pharmacy aide,Health,,
pharmacy aide,Certification,,
pharmacy aide,Unlicensed assistive personnel,,
pharmacy aide,Walgreens Pharmacy,,
pharmacy aide,Home care,,
pharmacy aide,Walmart Pharmacy,,
pharmacy aide,Medical assistant,,
pharmacy aide,CVS Pharmacy,,
pharmacy aide,Clerk,,
pharmacy aide,Hospital,,
pharmacy aide,CVS Health Corporation,,
pharmacy aide,rite aide,,
pharmacy aide,pharmacy technician jobs,,
pharmacy aide,pharmacy technician salary,,
pharmacy aide,walmart pharmacy,1,
pharmacy aide,rite aid pharmacy hours,1,
physicians,Urgent care center,,
physicians,Physicians Formula,1,
physicians,Family medicine,,
physicians,Hospital,,
physicians,Physician associates,,
physicians,Clinic,,
physicians,Medicine,,
physicians,Primary care physician,,
physicians,Primary care,,
physicians,family physicians,,
physicians,physicians mutual,1,
physicians,physicians medical center,,
physicians,primary physicians near me,,
physicians,physicians for women,,
physicians,primary care physicians near me,,
physicians,physicians east,,
physicians,physicians and surgeons,,
physicians,physicians associates,,
physicians,first physicians,,
physicians,what do physicians do,,
physicians,family care physicians,,
physicians,physicians care,,
physicians,physicians urgent care,,
physicians,physicians immediate care,,
physicians,physicians regional,,
physicians,virginia physicians,,
physicians,va physicians,,
physicians,ut physicians,,
physicians,urgent care,,
physicians,physicians near me,,
physicians,family practice physicians,,
piano tuners,Piano tuning,,
piano tuners,Musical tuning,,
piano tuners,Chicago,,
piano tuners,World,,
piano tuners,complete,,
piano tuners,how many piano tuners are there in chicago,1,
piano tuners,piano tuners in my area,,
piano tuners,piano movers,,
piano tuners,how to tune a piano,,
piano tuners,how many piano tuners in chicago,1,
piano tuners,how many piano tuners are there in the entire world,1,
piano tuners,how many piano tuners are there in new york,1,
post office clerk,Mail,,
post office clerk,United States Postal Service,,
post office clerk,Salary,,
post office clerk,Passport,1,
post office clerk,India Post,1,
post office clerk,Npmhu,,
post office clerk,National Postal Mail Handlers Union,,
post office clerk,Wage,,
post office clerk,Career,,
post office clerk,Recruitment,,
post office clerk,Job description,,
post office clerk,Mail carrier,,
post office clerk,Post Office Limited,,
post office clerk,Window,,
post office clerk,Exam,,
post office clerk,Holiday,,
post office clerk,Office,,
post office clerk,USPS Jobs - Minnesota / North Dakota,,
post office clerk,usps,,
post office clerk,post office clerk assistant,,
post office clerk,clerk assistant,,
post office clerk,indeed,,
post office clerk,postal window clerk,,
post office clerk,window clerk usps,,
post office clerk,post office clerk jobs,,
post office clerk,post office near me,,
post office clerk,passport application,1,
post office clerk,usps careers,,
post office clerk,mail clerk,,
post office clerk,passport office,1,
post office clerk,post office passport,1,
post office clerk,clerk of court,1,
post office clerk,mail processor,,
post office clerk,post office positions,,
post office clerk,post office jobs,,
post office clerk,passport,1,
professional athletes,Professional,,
professional athletes,Professional sports,,
professional athletes,Player,,
professional athletes,Wage,,
professional athletes,College,,
professional athletes,Salary,,
professional athletes,Soccer,,
professional athletes,Money,,
professional athletes,Summer Olympic Games,,
professional athletes,Olympic Games Tokyo 2020,,
professional athletes,Drug,,
professional athletes,bo jackson,,
professional athletes,are professional athletes getting paid,,
professional athletes,how many professional athletes are there in the us,,
professional athletes,patrick mahomes,,
professional athletes,pro athletes,,
professional athletes,highest paid athletes 2019,,
professional athletes,should professional female athletes be paid the same as male athletes in the same sport?,1,
professional athletes,average professional athlete salary,,
professional athletes,college-age athletes who drop out of college to play professional sports,,
professional athletes,professional female athletes,,
professional athletes,professional athletes salaries,,
professional athletes,professional athletes in the olympics,,
professional athletes,are professional athletes overpaid,1,
professional athletes,how much do professional athletes make,,
professional athletes,highest paid professional athletes,,
professional athletes,highest paid athletes,,
professional athletes,gay professional athletes,,
professional athletes,professional athletes perform better before an audience than when alone. this best illustrates,1,
professional athletes,do professional athletes get overpaid,1,
professional athletes,should professional athletes be drug tested,1,
professional athletes,professional athletes overpaid,,
professional athletes,when did the olympics allow professional athletes,1,
professional athletes,easy bib,1,
professional athletes,wives and girlfriends of professional athletes,1,
professional athletes,wags,1,
professional athletes,when were professional athletes allowed in the olympics,1,
railroad conductor,Rail transport,,
railroad conductor,Underground Railroad,1,
railroad conductor,Engineering,,
railroad conductor,Train driver,,
railroad conductor,War,1,
railroad conductor,Americans,,
railroad conductor,Wage,,
railroad conductor,Union Pacific Railroad,,
railroad conductor,Training,,
railroad conductor,Abolitionism,1,
railroad conductor,BNSF Railway,,
railroad conductor,CSX Transportation,,
railroad conductor,Norfolk Southern,,
railroad conductor,Norfolk Southern Railway,,
railroad conductor,Career,,
railroad conductor,Trainee,,
railroad conductor,famous,,
railroad conductor,Canadian National Railway,,
railroad conductor,Ann Petry,,
railroad conductor,Hat,,
railroad conductor,President,,
railroad conductor,LIRR,,
railroad conductor,conductor of underground railroad,1,
railroad conductor,conductor of the underground railroad,1,
railroad conductor,conductor on the underground railroad,1,
railroad conductor,underground railroad definition,1,
railroad conductor,train conductor salary,,
railroad conductor,who was the most famous conductor of the underground railroad,1,
railroad conductor,i was the conductor of the underground railroad,1,
railroad conductor,how much does a railroad conductor make,1,
railroad conductor,the underground railroad,1,
railroad conductor,railroad conductor jobs,,
railroad conductor,railroad jobs,,
railroad conductor,frederick douglass,1,
railroad conductor,bnsf jobs,,
railroad conductor,cn railroad,,
railroad conductor,train conductor,,
railroad conductor,harriet tubman,1,
railroad conductor,norfolk southern jobs,,
railroad conductor,who was the famous conductor of the underground railroad,1,
railroad conductor,csx jobs,,
railroad conductor,railroad jobs near me,,
railroad conductor,union pacific railroad,,
railroad conductor,railroad engineer salary,,
railroad conductor,who was the most famous conductor on the underground railroad,1,
railroad conductor,thomas and the magic railroad,1,
railroad conductor,harriet tubman conductor on the underground railroad by ann petry,1,
railroad conductor,underground railroad,1,
real estate agents,Real Estate Broker,,
real estate agents,Home,,
real estate agents,how much real estate agents make,,
real estate agents,how much do real estate agents make,,
real estate agents,best real estate agents,,
real estate agents,top real estate agents,,
real estate agents,realtor,,
real estate agents,realtors,,
registered nurses,Doctor of Osteopathic Medicine,,
registered nurses,Wage,,
registered nurses,Hospital,,
registered nurses,License,,
registered nurses,Education,,
registered nurses,Health,,
registered nurses,Nurse practitioner,,
registered nurses,College,,
registered nurses,Medicine,,
registered nurses,Physician,,
registered nurses,Bachelor's degree,,
registered nurses,nurse practitioner,,
registered nurses,what does a registered nurse do,,
registered nurses,how much does a registered nurse make,,
registered nurses,registered nurse anesthetist,,
registered nurses,rn salary,,
registered nurses,nurse anesthetist,,
registered nurses,registered nurses program,,
registered nurses,registered nurses programs,,
registered nurses,real registered nurses,,
registered nurses,certified registered nurse anesthetist,,
registered nurses,nurse,,
registered nurses,how to become a registered nurse,,
registered nurses,nursing jobs,,
registered nurses,registered nurse pay,,
registered nurses,types of registered nurses,,
registered nurses,types of nurses,,
registered nurses,how much does registered nurses make,,
registered nurses,board of registered nursing,,
restaurant hostess,Host / Hostess,,
restaurant hostess,Hostess Brands,1,
restaurant hostess,Hostess,,
restaurant hostess,Wage,,
restaurant hostess,Waiter,,
restaurant hostess,Job description,,
restaurant hostess,Résumé,,
restaurant hostess,Clothing,,
restaurant hostess,Recruitment,,
restaurant hostess,Salary,,
restaurant hostess,Skill,,
restaurant hostess,Duty,,
restaurant hostess,Host,,
restaurant hostess,restaurant hostess jobs,,
restaurant hostess,hostess jobs,,
restaurant hostess,hostess job,,
restaurant hostess,what does a hostess do at a restaurant,,
restaurant hostess,which government agency analyzed data to ensure african-americans were receiving fair treatment at the polls?,1,
restaurant hostess,hostess at a restaurant,,
restaurant hostess,hostess jobs nyc,,
restaurant managers,Restaurant,,
restaurant managers,Marketing,,
restaurant managers,Product,1,
restaurant managers,General Manager,,
restaurant managers,Goal,,
restaurant managers,Strategy,,
restaurant managers,Customer,,
restaurant managers,Salary,,
restaurant managers,Service,,
restaurant managers,Cost,,
restaurant managers,Decision-making,,
restaurant managers,Fast-food restaurant,,
restaurant managers,Quizlet,1,
restaurant managers,Company,,
restaurant managers,Organization,,
restaurant managers,Wage,,
restaurant managers,Food,,
restaurant managers,Foodservice,,
restaurant managers,Management,,
restaurant managers,Business,,
restaurant managers,restaurant manager salary,,
restaurant workers,Funding,,
restaurant workers,Unemployment,,
restaurant workers,Grant,,
restaurant workers,Wage,,
restaurant workers,small,1,
restaurant workers,Shoes,,
restaurant workers,Pizza,,
restaurant workers,Business,,
restaurant workers,Fast-food restaurant,,
restaurant workers,Cost,,
restaurant workers,Company,,
restaurant workers,Minimum wage,,
restaurant workers,Insurance,1,
restaurant workers,Law,1,
restaurant workers,Service,,
restaurant workers,Food,,
restaurant workers,Management,1,
restaurant workers,Fast food,,
restaurant workers,restaurant workers coronavirus,,general
restaurant workers,restaurant workers fund,,relief
restaurant workers,restaurants,,
restaurant workers,restaurant workers pay,,
restaurant workers,restaurant workers relief fund,,relief
restaurant workers,restaurant workers union,,
restaurant workers,shoes for restaurant workers,,
restaurant workers,minimum wage for restaurant workers,,
school counselors,School,,
school counselors,College,,
school counselors,Counseling psychology,,
school counselors,Teacher,,
school counselors,American School Counselor Association,,
school counselors,Salary,,
school counselors,Education,,
school counselors,Student,,
school counselors,Career,,
school counselors,Primary education,,
school counselors,counselor,,
school counselors,school counselors week,,
school counselors,school psychologist,,
school counselors,counselors near me,1,
school counselors,how much do high school counselors make,,
school counselors,mental health counselor,1,
school counselors,how to become a school counselor,,
school counselors,american school counselors association,,
school counselors,act,,
school counselors,counseling,,
school counselors,types of counselors,,
school counselors,national school counselors week,,
school counselors,school counseling,,
school counselors,interview questions for school counselors,,
school counselors,masters in school counseling,,
school counselors,asca standards for school counselors,,
school principals,Head teacher,,
school principals,School district,,
school principals,Vice-principal,,
school principals,Primary school,,
school principals,Principal,,
school principals,Education,,
school principals,Middle school,,
school principals,Student,,
school principals,Salary,,
school principals,School,,
school principals,Leadership,,
school principals,Primary education,,
school principals,how much do high school principals make,,
school principals,school principals day 2020,,
school principals,principals day 2020,,
school principals,maine principals association,,
school principals,principals day 2019,,
school principals,school principals day 2019,,
school principals,national principals day,,
school principals,principals day 2018,,
school principals,national association of secondary school principals,,
school principals,michigan association of secondary school principals,,
school principals,indiana association of school principals,,
school principals,school principals day 2018,,
security guards,Security guard,,
security guards,Job,,
security guards,Policeman,,
security guards,Company,,
security guards,Security,,
security guards,armed security guards,,
security guards,how much do security guards make,,
security guards,security guards los angeles,,
security guards,are security guards essential,,essential
security guards,security guard companies,,
security guards,event security guards,,
security guards,how much do security guards get paid,,
security guards,fnaf security guards,,
security guards,are security guards essential workers,,essential
security guards,how much do armed security guards make,,
security guards,how much do security guards make an hour,,
security guards,window security bars,,
security guards,security guards jobs,,
security guards,security jobs,,
security guards,window guards,,
security guards,securitas,,
security guards,security guard company,,
security guards,security guard services,,
security guards,security guards near me,,
security guards,event security,,
security guards,security guards for hire,,
security guards,body guards,,
security guards,how much does security guards make,,
security guards,security guards inc,,
security guards,donald trump security guards,,
security guards,security guards london,,
sign painters,Crossword,1,
sign painters,Gossip,1,
sign painters,Pyotr Ilyich Tchaikovsky,1,
sign painters,outdoor,,
sign painters,Brush,,
sign painters,Art,,
sign painters,Role model,1,
sign painters,Astrological sign,1,
sign painters,House painter and decorator,,
sign painters,Cristopher Columbus,1,
sign painters,Trade union,,
sign painters,famous,,
sign painters,Artist,,
sign painters,Lettering,,
sign painters,Color,,
sign painters,Toolbox,,
sign painters,Tool,,
sign painters,Letterhead,,
sign painters,Box,,
sign painters,sign painters help crossword,1,
sign painters,sign painters help crossword clue,1,
sign painters,canvas props used by painters,1,
sign painters,lowering the torso and head as a sign of respect,1,
sign painters,sign painters movie,1,
sign painters,sign painters near me,,
singers,Male,,
singers,Music,,
singers,African Americans,,
singers,The Masked Singer,1,
singers,female singers,,
singers,singer,,
singers,male singers,,
singers,famous singers,,
singers,country,,
singers,country singers,,
singers,opera singers,,
singers,country music singers,,
singers,country music,,
singers,country songs,,
social workers,Social,,
social workers,Social Worker,,
social workers,Gabriel Fernandez,1,
social workers,Social Security,,
social workers,Social Security Administration,,
social workers,Health,,
social workers,Salary,,
social workers,Worker,,
social workers,School social work,,
social workers,National Association-Social Workers,,
social workers,National Association of Social Workers,,
social workers,Social work,,
social workers,Workers' compensation,,
social workers,License,,
social workers,social worker,,
social workers,what do social workers do,,
social workers,what social workers do,,
social workers,gabriel fernandez social workers,1,
social workers,gabriel fernandez,1,
social workers,social security,,
social workers  -gabriel,Social,,
social workers  -gabriel,Social Security,1,
social workers  -gabriel,Social Security Administration,1,
social workers  -gabriel,Health,,
social workers  -gabriel,Salary,,
social workers  -gabriel,Worker,,
social workers  -gabriel,Wage,,
social workers  -gabriel,social worker,,
social workers  -gabriel,what do social workers do,,
social workers  -gabriel,what social workers do,,
surgeons,Doctor of Osteopathic Medicine,,
surgeons,Physician,,
surgeons,Breast,,
surgeons,Hospital,,
surgeons,orthopedic,,
surgeons,orthopedic surgeons,,
surgeons,surgeons near me,,
surgeons,oral surgeons,,
surgeons,surgeon,,
surgeons,hand surgeons,,
surgeons,top plastic surgeons,,
surgeons,orthopedic surgeon,,
surgeons,heart surgeons,,
surgeons,surgeons salary,,
surgeons,cosmetic surgeons,,
surgeons,american college of surgeons,,
surgeons,best orthopedic surgeons,,
surgeons,surgery,,
surgeons,dr,,
surgeons,oral surgeons near me,,
surgeons,vascular surgeons,,
surgeons,dental surgeons,1,
surgeons,plastic surgeons near me,,
surgeons,knee surgeons,,
surgeons,spine surgeons,,
surgeons,what do surgeons do,,
telemarketers,Mobile app,,
telemarketers,Number,,
telemarketers,Telephone,,
telemarketers,Mobile phone,,
telemarketers,Report,,
telemarketers,Spoofing attack,,
telemarketers,Spamming,,
telemarketers,Robocall,,
telemarketers,Fraud,,
telemarketers,Harassment,,
telemarketers,Practical joke,,
telemarketers,Telephone number,,
telemarketers,block telemarketers,,
telemarketers,how to stop telemarketers,,
telemarketers,app for telemarketers,,
telemarketers,barrage from telemarketers crossword,,
telemarketers,terrorizing telemarketers,,
telemarketers,how to report telemarketers,,
telemarketers,how to get rid of telemarketers,,
telemarketers,how to block telemarketers on iphone,,
telemarketers,telemarketers using my number,,
telemarketers,mayday and the like crossword,1,
telemarketers,app to block telemarketers,,
telemarketers,how to sue telemarketers,,
telemarketers,sign up for telemarketers,,
telemarketers,how much do telemarketers make,,
telemarketers,telemarketers definition,,
telemarketers,how to block telemarketers on cell phone,,
telemarketers,how to stop telemarketers from calling cell phone,,
telemarketers,tom mabe telemarketers,1,
telemarketers,telemarketers using local numbers,,
telemarketers,block telemarketers on cell phone,,
telemarketers,telemarketers spoofing my number,,
telemarketers,telemarketers using my phone number,,
telemarketers,telemarketers cell phone,,
telemarketers,telemarketers keep calling,,
telemarketers,block telemarketers app,,
ticket taker,Theatre,,
ticket taker,Movie theater,,
ticket taker,Soccer,1,
ticket taker,Name,,
ticket taker,Theater,,
ticket taker,Job description,,
ticket taker,Train,,
ticket taker,Salary,,
ticket taker,Usher,,
ticket taker,San José State University,1,
ticket taker,AMC Theatres,,
tour guides,Guide,,
tour guides,Travel,,
tour guides,Park,,
tour guides,Gratuity,,
tour guides,Concert tour,,
tour guides,Italy,,
tour guides,tour guides near me,,
tour guides,tipping tour guides,,
tour guides,how much do tour guides make,,
tour guides,trip advisor,,
tour guides,yellowstone tour guides,,
tour guides,tour guides in paris,,
tour guides,tour guide jobs,,
travel agents,Travel agency,,
travel agents,Marriott International,,
travel agents,Vacation,,
travel agents,Norwegian Cruise Line,,
travel agents,Cruise ship,,
travel agents,The Walt Disney Company,,
travel agents,disney travel agents,,
travel agents,travel agents near me,,
travel agents,travel agent,,
travel agents,hilton travel agents,,
travel agents,disney travel agent,,
travel agents,expedia,,
travel agents,how do travel agents get paid,,
travel agents,cheap travel agents,,
travel agents,travel agent near me,,
travel agents,american airlines,,
travel agents,best travel agents near me,,
travel agents,travel companies,,
travel agents,uk travel agents,,
travel agents,best travel agents,,
travel agents,disney travel,,
travel agents,disney,,
travel agents,luxury travel agents,,
truck drivers,Truck,,
truck drivers,Truck driver,,
truck drivers,Job,,
truck drivers,Driver,,
truck drivers,Commercial driver's license,,
truck drivers,Wage,,
truck drivers,Driving,,
truck drivers,Salary,,
truck drivers,how much do truck drivers make,,
truck drivers,truck driver,,
truck drivers,truck drivers jobs,,
truck drivers,cdl truck drivers,,
truck drivers,cdl,,
truck drivers,jobs,,
truck drivers,truck driving,,
truck drivers,how much truck drivers make,,
waitresses,Christmas,1,
waitresses,Gratuity,,
waitresses,Minimum wage,,
waitresses,Hooters,,
waitresses,Christmas music,1,
waitresses,Christmas Wrapping,1,
waitresses,Bar,,
waitresses,minimum wage for waitresses,,
waitresses,hooters,,
waitresses,waitresses christmas song,1,
waitresses,waiters and waitresses,,
waitresses,christmas wrapping lyrics,1,
waitresses,waitresses christmas wrapping lyrics,1,
waitresses,the waitress,1,
waitresses,the waitresses christmas song,1,
waitresses,the waitresses christmas wrapping lyrics,1,
waitresses,unemployment for waitresses,,
waitresses,how much do waitresses make an hour,,
waitresses,waitresses band,1,
waitresses,twin peaks,1,
waitresses,hooters waitresses,,
waitresses,best shoes for waitresses,,
waitresses,waitresses merry christmas,1,
waitresses,twin peaks waitresses,,
waitresses,merry christmas waitresses,1,
waitresses,how much do hooters waitresses make,,
wedding planners,Wedding Planner,,
wedding planners,Planning,,
wedding planners,Cost,,
wedding planners,Event management,,
wedding planners,Event,,
wedding planners,wedding planners near me,,
wedding planners,the wedding planners,,
wedding planners,best wedding planners,,
wedding planners,wedding venues near me,,
wedding planners,wedding dresses,,
wedding planners,wedding planners books,,
wedding planners,event planners near me,,
wedding planners,chicago wedding planners,,
wedding planners,cheap wedding planners,,
wedding planners,wedding planner book,,
wedding planners,dallas wedding planners,,
wedding planners,how to become a wedding planner,,
wedding planners,wedding planners charleston sc,,
wedding planners,how much do wedding planners charge,,
wedding planners,wedding event planners,,
wedding planners,event planners,,
wedding planners,atlanta wedding planners,,
wedding planners,wedding planners salary,,
wedding planners,how much are wedding planners,,
wedding planners,wedding coordinator,,
wedding planners,wedding planners nyc,,
wedding planners,wedding planners dallas,,
wedding planners,wedding planners denver,,
welders,Miller Electric,,
welders,Lincoln,,
welders,Gas metal arc welding,,
welders,Gas tungsten arc welding,,
welders,Glasses,,
welders,Solar eclipse,1,
welders,miller welders,,
welders,miller,,
welders,welding,,
welders,lincoln,,
welders,lincoln welders,,
welders,welders for sale,1,
welders,welders near me,,
welders,how much welders make,,
welders,welder,,
writers,Writing,,
writers,Author,,
writers,Book,,
writers,Freedom Writers,1,
writers,freedom writers,1,
writers,free writers,,
writers,young writers,,
writers,writers block,,
writers,writers house,,
writers,writers guild,,
writers,mystery writers,,
writers,female writers,,
writers,freedom writers cast,1,
writers,freedom writers movie,1,
writers,essay writers,,
writers,poets and writers,,
writers,freelance writers,,
writers,writers strike,,
writers,office writers,,
writers,best writers,,
writers,writer,,
writers,american writers,,
writers,famous writers,,
writers,resume writers,,
writers,the freedom writers,1,
writers,black writers,,
writers,song writers,,
writers,women writers,,
writers,great writers,,
writers,sports writers,,
writers,writing,,